{"cameraMode":{"drawMode":0,"name":"Shaded","section":"Shading Mode"},"sceneLighting":false,"audioPlay":false,"sceneViewState":{"showFog":true,"showMaterialUpdate":false,"showSkybox":false,"showFlares":true,"showImageEffects":true,"showParticleSystems":true},"in2DMode":false,"pivot":{"x":-7.904685974121094,"y":1.4936391115188599,"z":13.87725830078125},"rotation":{"x":-0.13149316608905793,"y":0.6516464948654175,"z":-0.11625201255083084,"w":-0.7380722761154175},"size":2.5224671363830568,"orthographic":false}