{"cameraMode":{"drawMode":0,"name":"Shaded","section":"Shading Mode"},"sceneLighting":false,"audioPlay":false,"sceneViewState":{"showFog":true,"showMaterialUpdate":false,"showSkybox":false,"showFlares":true,"showImageEffects":true,"showParticleSystems":true},"in2DMode":false,"pivot":{"x":-4.791059494018555,"y":2.142448902130127,"z":-3.271601676940918},"rotation":{"x":0.26922786235809328,"y":0.094004787504673,"z":-0.026360033079981805,"w":0.9581814408302307},"size":0.4231279790401459,"orthographic":false}