{"cameraMode":{"drawMode":0,"name":"Shaded","section":"Shading Mode"},"sceneLighting":false,"audioPlay":false,"sceneViewState":{"showFog":true,"showMaterialUpdate":false,"showSkybox":false,"showFlares":true,"showImageEffects":true,"showParticleSystems":true},"in2DMode":false,"pivot":{"x":-0.026113510131835939,"y":3.8187389373779299,"z":-0.1861586570739746},"rotation":{"x":-0.3197638988494873,"y":0.416841059923172,"z":-0.15955890715122224,"w":-0.8358879089355469},"size":6.013495922088623,"orthographic":false}