{"cameraMode":{"drawMode":0,"name":"Shaded","section":"Shading Mode"},"sceneLighting":false,"audioPlay":false,"sceneViewState":{"showFog":true,"showMaterialUpdate":false,"showSkybox":true,"showFlares":true,"showImageEffects":true,"showParticleSystems":true},"in2DMode":false,"pivot":{"x":-1.6257357597351075,"y":-0.12160755693912506,"z":-6.334597587585449},"rotation":{"x":0.1555943787097931,"y":0.21043649315834046,"z":-0.03387678414583206,"w":0.9646157622337341},"size":3.0096983909606935,"orthographic":false}