{"cameraMode":{"drawMode":0,"name":"Shaded","section":"Shading Mode"},"sceneLighting":false,"audioPlay":false,"sceneViewState":{"showFog":true,"showMaterialUpdate":false,"showSkybox":true,"showFlares":true,"showImageEffects":true,"showParticleSystems":true},"in2DMode":false,"pivot":{"x":-23.437244415283204,"y":1.5034205913543702,"z":-2.2371644973754885},"rotation":{"x":0.09477094560861588,"y":0.9064422845840454,"z":-0.28661951422691347,"w":0.295928031206131},"size":7.818046569824219,"orthographic":false}