{"cameraMode":{"drawMode":0,"name":"Shaded","section":"Shading Mode"},"sceneLighting":true,"audioPlay":false,"sceneViewState":{"showFog":true,"showMaterialUpdate":false,"showSkybox":true,"showFlares":true,"showImageEffects":true,"showParticleSystems":true},"in2DMode":false,"pivot":{"x":-13.588993072509766,"y":9.783531188964844,"z":-5.671673774719238},"rotation":{"x":-0.12722209095954896,"y":-0.2624022364616394,"z":0.034917328506708148,"w":-0.9559201598167419},"size":4.859316825866699,"orthographic":false}