{"cameraMode":{"drawMode":0,"name":"Shaded","section":"Shading Mode"},"sceneLighting":false,"audioPlay":false,"sceneViewState":{"showFog":true,"showMaterialUpdate":false,"showSkybox":true,"showFlares":true,"showImageEffects":true,"showParticleSystems":true},"in2DMode":false,"pivot":{"x":-2.4718685150146486,"y":0.47846829891204836,"z":8.217041015625},"rotation":{"x":-0.10056627541780472,"y":0.4998098611831665,"z":-0.06471256166696549,"w":-0.858328640460968},"size":3.469271183013916,"orthographic":false}