{"cameraMode":{"drawMode":0,"name":"Shaded","section":"Shading Mode"},"sceneLighting":false,"audioPlay":false,"sceneViewState":{"showFog":true,"showMaterialUpdate":false,"showSkybox":true,"showFlares":true,"showImageEffects":true,"showParticleSystems":true},"in2DMode":false,"pivot":{"x":-14.016114234924317,"y":0.3250691294670105,"z":-3.094376802444458},"rotation":{"x":-0.4515404999256134,"y":-0.06496407091617584,"z":0.03294993191957474,"w":-0.8893357515335083},"size":5.007871627807617,"orthographic":false}