{"cameraMode":{"drawMode":0,"name":"Shaded","section":"Shading Mode"},"sceneLighting":false,"audioPlay":false,"sceneViewState":{"showFog":true,"showMaterialUpdate":false,"showSkybox":true,"showFlares":true,"showImageEffects":true,"showParticleSystems":true},"in2DMode":false,"pivot":{"x":-8.282157897949219,"y":0.6335439682006836,"z":0.513585090637207},"rotation":{"x":0.15113291144371034,"y":-0.6351668238639832,"z":0.12867699563503266,"w":0.74649977684021},"size":18.186532974243165,"orthographic":false}