{"cameraMode":{"drawMode":0,"name":"Shaded","section":"Shading Mode"},"sceneLighting":false,"audioPlay":false,"sceneViewState":{"showFog":true,"showMaterialUpdate":false,"showSkybox":true,"showFlares":true,"showImageEffects":true,"showParticleSystems":true},"in2DMode":false,"pivot":{"x":-1.5952231884002686,"y":-8.820252418518067,"z":16.16905975341797},"rotation":{"x":0.2248862385749817,"y":0.15562959015369416,"z":-0.03633186221122742,"w":0.9612399935722351},"size":20.875511169433595,"orthographic":false}