{"cameraMode":{"drawMode":0,"name":"Shaded","section":"Shading Mode"},"sceneLighting":false,"audioPlay":false,"sceneViewState":{"showFog":true,"showMaterialUpdate":false,"showSkybox":false,"showFlares":true,"showImageEffects":true,"showParticleSystems":true},"in2DMode":false,"pivot":{"x":-0.8701553344726563,"y":2.7230937480926515,"z":-4.434394359588623},"rotation":{"x":0.0039376150816679,"y":0.8636430501937866,"z":-0.00674429489299655,"w":0.5040531754493713},"size":2.6044974327087404,"orthographic":false}