{"cameraMode":{"drawMode":0,"name":"Shaded","section":"Shading Mode"},"sceneLighting":false,"audioPlay":false,"sceneViewState":{"showFog":true,"showMaterialUpdate":false,"showSkybox":true,"showFlares":true,"showImageEffects":true,"showParticleSystems":true},"in2DMode":false,"pivot":{"x":13.987770080566407,"y":-7.7072577476501469,"z":-35.14838790893555},"rotation":{"x":-0.019133659079670907,"y":-0.980084240436554,"z":0.15836723148822785,"w":-0.11849717795848847},"size":20.210140228271486,"orthographic":false}