{"cameraMode":{"drawMode":0,"name":"Shaded","section":"Shading Mode"},"sceneLighting":false,"audioPlay":false,"sceneViewState":{"showFog":true,"showMaterialUpdate":false,"showSkybox":true,"showFlares":true,"showImageEffects":true,"showParticleSystems":true},"in2DMode":false,"pivot":{"x":-10.501435279846192,"y":3.0082638263702394,"z":-4.278879165649414},"rotation":{"x":0.13234317302703858,"y":0.7801385521888733,"z":-0.1763467937707901,"w":0.5854697823524475},"size":4.0297088623046879,"orthographic":false}