{"cameraMode":{"drawMode":0,"name":"Shaded","section":"Shading Mode"},"sceneLighting":true,"audioPlay":false,"sceneViewState":{"showFog":true,"showMaterialUpdate":false,"showSkybox":true,"showFlares":true,"showImageEffects":true,"showParticleSystems":true},"in2DMode":false,"pivot":{"x":4.700088024139404,"y":2.294266939163208,"z":-5.146374225616455},"rotation":{"x":0.08705500513315201,"y":0.3549312949180603,"z":-0.033212412148714069,"w":0.9302470684051514},"size":0.8660253882408142,"orthographic":false}