{"cameraMode":{"drawMode":0,"name":"Shaded","section":"Shading Mode"},"sceneLighting":true,"audioPlay":false,"sceneViewState":{"showFog":true,"showMaterialUpdate":false,"showSkybox":true,"showFlares":true,"showImageEffects":true,"showParticleSystems":true},"in2DMode":false,"pivot":{"x":7.3008551597595219,"y":-6.671899318695068,"z":16.22145652770996},"rotation":{"x":0.23487119376659394,"y":0.17206057906150819,"z":-0.03863866254687309,"w":0.9559139013290405},"size":10.0,"orthographic":false}