{"cameraMode":{"drawMode":0,"name":"Shaded","section":"Shading Mode"},"sceneLighting":true,"audioPlay":false,"sceneViewState":{"showFog":true,"showMaterialUpdate":false,"showSkybox":false,"showFlares":true,"showImageEffects":true,"showParticleSystems":true},"in2DMode":false,"pivot":{"x":0.0,"y":-0.013000011444091797,"z":0.25299978256225588},"rotation":{"x":-0.22345057129859925,"y":0.37525898218154909,"z":-0.09764658659696579,"w":-0.8943038582801819},"size":12.12435531616211,"orthographic":false}