{"cameraMode":{"drawMode":0,"name":"Shaded","section":"Shading Mode"},"sceneLighting":true,"audioPlay":false,"sceneViewState":{"showFog":true,"showMaterialUpdate":false,"showSkybox":true,"showFlares":true,"showImageEffects":true,"showParticleSystems":true},"in2DMode":false,"pivot":{"x":12.638116836547852,"y":-6.715612888336182,"z":11.901975631713868},"rotation":{"x":0.23390142619609834,"y":0.35164448618888857,"z":-0.08730929344892502,"w":0.9022472500801086},"size":10.0,"orthographic":false}