{"cameraMode":{"drawMode":0,"name":"Shaded","section":"Shading Mode"},"sceneLighting":false,"audioPlay":false,"sceneViewState":{"showFog":true,"showMaterialUpdate":false,"showSkybox":false,"showFlares":true,"showImageEffects":true,"showParticleSystems":true},"in2DMode":false,"pivot":{"x":-1.0991326570510865,"y":1.7808414697647095,"z":-0.3676305413246155},"rotation":{"x":-0.15171773731708527,"y":0.1763172149658203,"z":-0.02751651033759117,"w":-0.972185492515564},"size":1.1489125490188599,"orthographic":false}