{"cameraMode":{"drawMode":0,"name":"Shaded","section":"Shading Mode"},"sceneLighting":true,"audioPlay":false,"sceneViewState":{"showFog":true,"showMaterialUpdate":false,"showSkybox":true,"showFlares":true,"showImageEffects":true,"showParticleSystems":true},"in2DMode":false,"pivot":{"x":-1.048081874847412,"y":2.6697683334350588,"z":0.4581930637359619},"rotation":{"x":-0.18602871894836427,"y":-0.7407044172286987,"z":0.22816017270088197,"w":-0.6039218902587891},"size":0.9510871767997742,"orthographic":false}