{"cameraMode":{"drawMode":0,"name":"Shaded","section":"Shading Mode"},"sceneLighting":true,"audioPlay":false,"sceneViewState":{"showFog":true,"showMaterialUpdate":false,"showSkybox":true,"showFlares":true,"showImageEffects":true,"showParticleSystems":true},"in2DMode":false,"pivot":{"x":-5.461459159851074,"y":1.6880435943603516,"z":-1.5097980499267579},"rotation":{"x":0.13283902406692506,"y":-0.6405397653579712,"z":0.11378304660320282,"w":0.7477601766586304},"size":9.879871368408204,"orthographic":false}